{"cameraMode":{"drawMode":0,"name":"Shaded","section":"Shading Mode"},"sceneLighting":true,"audioPlay":false,"sceneViewState":{"m_AlwaysRefresh":false,"showFog":true,"showSkybox":false,"showFlares":true,"showImageEffects":true,"showParticleSystems":true,"showVisualEffectGraphs":true,"m_FxEnabled":true},"in2DMode":false,"pivot":{"x":-0.7137409448623657,"y":1.4389897584915162,"z":-0.07193160057067871},"rotation":{"x":-0.01365581899881363,"y":0.9765146374702454,"z":-0.06393010169267655,"w":-0.20599913597106934},"size":1.2247449159622193,"orthographic":false}