{"cameraMode":{"drawMode":0,"name":"Shaded","section":"Shading Mode"},"sceneLighting":true,"audioPlay":false,"sceneViewState":{"m_AlwaysRefresh":false,"showFog":true,"showSkybox":false,"showFlares":true,"showImageEffects":true,"showParticleSystems":true,"showVisualEffectGraphs":true,"m_FxEnabled":true},"in2DMode":false,"pivot":{"x":-0.8025851249694824,"y":0.9257669448852539,"z":0.10956287384033203},"rotation":{"x":-0.04141880199313164,"y":0.9565586447715759,"z":-0.16752219200134278,"w":-0.23559659719467164},"size":1.2247449159622193,"orthographic":false}